id_registro,variable,valor
4228,departamento,SACATEPEQUEZ
4229,departamento,SACATEPEQUEZ
4230,departamento,SACATEPEQUEZ
4231,departamento,SACATEPEQUEZ
4232,departamento,SACATEPEQUEZ
4233,departamento,SACATEPEQUEZ
4234,departamento,SACATEPEQUEZ
4235,departamento,SACATEPEQUEZ
4236,departamento,SACATEPEQUEZ
4237,departamento,SACATEPEQUEZ
4238,departamento,SACATEPEQUEZ
4239,departamento,SACATEPEQUEZ
4240,departamento,SACATEPEQUEZ
4241,departamento,SACATEPEQUEZ
4242,departamento,SACATEPEQUEZ
4243,departamento,SACATEPEQUEZ
4244,departamento,SACATEPEQUEZ
4245,departamento,SACATEPEQUEZ
4246,departamento,SACATEPEQUEZ
4247,departamento,SACATEPEQUEZ
4248,departamento,SACATEPEQUEZ
4249,departamento,SACATEPEQUEZ
4250,departamento,SACATEPEQUEZ
4251,departamento,SACATEPEQUEZ
4252,departamento,SACATEPEQUEZ
4253,departamento,SACATEPEQUEZ
4254,departamento,SACATEPEQUEZ
4255,departamento,SACATEPEQUEZ
4256,departamento,SACATEPEQUEZ
4257,departamento,SACATEPEQUEZ
4258,departamento,SACATEPEQUEZ
4259,departamento,SACATEPEQUEZ
4260,departamento,SACATEPEQUEZ
4261,departamento,SACATEPEQUEZ
4262,departamento,SACATEPEQUEZ
4263,departamento,SACATEPEQUEZ
4264,departamento,SACATEPEQUEZ
4265,departamento,SACATEPEQUEZ
4266,departamento,SACATEPEQUEZ
4267,departamento,SACATEPEQUEZ
4268,departamento,SACATEPEQUEZ
4269,departamento,SACATEPEQUEZ
4270,departamento,SACATEPEQUEZ
4271,departamento,SACATEPEQUEZ
4272,departamento,SACATEPEQUEZ
4273,departamento,SACATEPEQUEZ
4274,departamento,SACATEPEQUEZ
4275,departamento,SACATEPEQUEZ
4276,departamento,SACATEPEQUEZ
4277,departamento,SACATEPEQUEZ
4278,departamento,SACATEPEQUEZ
4279,departamento,SACATEPEQUEZ
4280,departamento,SACATEPEQUEZ
4281,departamento,SACATEPEQUEZ
4282,departamento,SACATEPEQUEZ
4283,departamento,SACATEPEQUEZ
4284,departamento,SACATEPEQUEZ
4285,departamento,SACATEPEQUEZ
4286,departamento,SACATEPEQUEZ
4287,departamento,SACATEPEQUEZ
4288,departamento,SACATEPEQUEZ
4289,departamento,SACATEPEQUEZ
4290,departamento,SACATEPEQUEZ
4291,departamento,SACATEPEQUEZ
4292,departamento,SACATEPEQUEZ
4293,departamento,SACATEPEQUEZ
4294,departamento,SACATEPEQUEZ
4295,departamento,SACATEPEQUEZ
4296,departamento,SACATEPEQUEZ
4297,departamento,SACATEPEQUEZ
4298,departamento,SACATEPEQUEZ
4299,departamento,SACATEPEQUEZ
4300,departamento,SACATEPEQUEZ
4301,departamento,SACATEPEQUEZ
4302,departamento,SACATEPEQUEZ
4303,departamento,SACATEPEQUEZ
4304,departamento,SACATEPEQUEZ
4305,departamento,SACATEPEQUEZ
4306,departamento,SACATEPEQUEZ
4307,departamento,SACATEPEQUEZ
4308,departamento,SACATEPEQUEZ
4309,departamento,SACATEPEQUEZ
4310,departamento,SACATEPEQUEZ
4311,departamento,SACATEPEQUEZ
4312,departamento,SACATEPEQUEZ
4313,departamento,SACATEPEQUEZ
4314,departamento,SACATEPEQUEZ
4315,departamento,SACATEPEQUEZ
4316,departamento,SACATEPEQUEZ
4317,departamento,SACATEPEQUEZ
4318,departamento,SACATEPEQUEZ
4319,departamento,SACATEPEQUEZ
4320,departamento,SACATEPEQUEZ
4321,departamento,SACATEPEQUEZ
4322,departamento,SACATEPEQUEZ
4323,departamento,SACATEPEQUEZ
4324,departamento,SACATEPEQUEZ
4325,departamento,SACATEPEQUEZ
4326,departamento,SACATEPEQUEZ
4327,departamento,SACATEPEQUEZ
4328,departamento,SACATEPEQUEZ
4329,departamento,SACATEPEQUEZ
4330,departamento,SACATEPEQUEZ
4331,departamento,SACATEPEQUEZ
4332,departamento,SACATEPEQUEZ
4333,departamento,SACATEPEQUEZ
4334,departamento,SACATEPEQUEZ
4335,departamento,SACATEPEQUEZ
4336,departamento,SACATEPEQUEZ
4337,departamento,SACATEPEQUEZ
4338,departamento,SACATEPEQUEZ
4339,departamento,SACATEPEQUEZ
4340,departamento,SACATEPEQUEZ
4341,departamento,SACATEPEQUEZ
4342,departamento,SACATEPEQUEZ
4343,departamento,SACATEPEQUEZ
4344,departamento,SACATEPEQUEZ
4345,departamento,SACATEPEQUEZ
4346,departamento,SACATEPEQUEZ
4347,departamento,SACATEPEQUEZ
4348,departamento,SACATEPEQUEZ
4349,departamento,SACATEPEQUEZ
4350,departamento,SACATEPEQUEZ
4351,departamento,SACATEPEQUEZ
4352,departamento,SACATEPEQUEZ
4353,departamento,SACATEPEQUEZ
4354,departamento,SACATEPEQUEZ
4355,departamento,SACATEPEQUEZ
4356,departamento,SACATEPEQUEZ
4357,departamento,SACATEPEQUEZ
4358,departamento,SACATEPEQUEZ
4359,departamento,SACATEPEQUEZ
4360,departamento,SACATEPEQUEZ
4361,departamento,SACATEPEQUEZ
4362,departamento,SACATEPEQUEZ
4363,departamento,SACATEPEQUEZ
4364,departamento,SACATEPEQUEZ
4365,departamento,SACATEPEQUEZ
4366,departamento,SACATEPEQUEZ
4367,departamento,SACATEPEQUEZ
4368,departamento,SACATEPEQUEZ
4369,departamento,SACATEPEQUEZ
4370,departamento,SACATEPEQUEZ
4371,departamento,SACATEPEQUEZ
4372,departamento,SACATEPEQUEZ
4373,departamento,SACATEPEQUEZ
4374,departamento,SACATEPEQUEZ
4375,departamento,SACATEPEQUEZ
4376,departamento,SACATEPEQUEZ
4377,departamento,SACATEPEQUEZ
4378,departamento,SACATEPEQUEZ
4379,departamento,SACATEPEQUEZ
4380,departamento,SACATEPEQUEZ
4381,departamento,SACATEPEQUEZ
4382,departamento,SACATEPEQUEZ
4383,departamento,SACATEPEQUEZ
4384,departamento,SACATEPEQUEZ
4385,departamento,SACATEPEQUEZ
4386,departamento,SACATEPEQUEZ
4387,departamento,SACATEPEQUEZ
4388,departamento,SACATEPEQUEZ
4389,departamento,SACATEPEQUEZ
4390,departamento,SACATEPEQUEZ
4391,departamento,SACATEPEQUEZ
4392,departamento,SACATEPEQUEZ
4393,departamento,SACATEPEQUEZ
4394,departamento,SACATEPEQUEZ
4395,departamento,SACATEPEQUEZ
4396,departamento,SACATEPEQUEZ
4397,departamento,SACATEPEQUEZ
4398,departamento,SACATEPEQUEZ
4399,departamento,SACATEPEQUEZ
4400,departamento,SACATEPEQUEZ
4401,departamento,SACATEPEQUEZ
4402,departamento,SACATEPEQUEZ
4403,departamento,SACATEPEQUEZ
4404,departamento,SACATEPEQUEZ
4405,departamento,SACATEPEQUEZ
4406,departamento,SACATEPEQUEZ
4407,departamento,SACATEPEQUEZ
4408,departamento,SACATEPEQUEZ
4409,departamento,SACATEPEQUEZ
4410,departamento,SACATEPEQUEZ
4411,departamento,SACATEPEQUEZ
4412,departamento,SACATEPEQUEZ
4413,departamento,SACATEPEQUEZ
4414,departamento,SACATEPEQUEZ
4415,departamento,SACATEPEQUEZ
4416,departamento,SACATEPEQUEZ
4417,departamento,SACATEPEQUEZ
4418,departamento,SACATEPEQUEZ
4419,departamento,SACATEPEQUEZ
4420,departamento,SACATEPEQUEZ
4421,departamento,SACATEPEQUEZ
4422,departamento,SACATEPEQUEZ
4423,departamento,SACATEPEQUEZ
4424,departamento,SACATEPEQUEZ
4425,departamento,SACATEPEQUEZ
4426,departamento,SACATEPEQUEZ
4427,departamento,SACATEPEQUEZ
4428,departamento,SACATEPEQUEZ
4429,departamento,SACATEPEQUEZ
4430,departamento,SACATEPEQUEZ
4431,departamento,SACATEPEQUEZ
4432,departamento,SACATEPEQUEZ
4433,departamento,SACATEPEQUEZ
4434,departamento,SACATEPEQUEZ
4435,departamento,SACATEPEQUEZ
4436,departamento,SACATEPEQUEZ
4437,departamento,SACATEPEQUEZ
4438,departamento,SACATEPEQUEZ
4439,departamento,SACATEPEQUEZ
4440,departamento,SACATEPEQUEZ
4441,departamento,SACATEPEQUEZ
4442,departamento,SACATEPEQUEZ
4443,departamento,SACATEPEQUEZ
4444,departamento,SACATEPEQUEZ
4445,departamento,SACATEPEQUEZ
4446,departamento,SACATEPEQUEZ
4447,departamento,SACATEPEQUEZ
4448,departamento,SACATEPEQUEZ
4449,departamento,SACATEPEQUEZ
4450,departamento,SACATEPEQUEZ
4451,departamento,SACATEPEQUEZ
4452,departamento,SACATEPEQUEZ
4453,departamento,SACATEPEQUEZ
4454,departamento,SACATEPEQUEZ
4455,departamento,SACATEPEQUEZ
4456,departamento,SACATEPEQUEZ
4457,departamento,SACATEPEQUEZ
4458,departamento,SACATEPEQUEZ
4459,departamento,SACATEPEQUEZ
4460,departamento,SACATEPEQUEZ
4461,departamento,SACATEPEQUEZ
4462,departamento,SACATEPEQUEZ
4463,departamento,SACATEPEQUEZ
4464,departamento,SACATEPEQUEZ
4465,departamento,SACATEPEQUEZ
4466,departamento,SACATEPEQUEZ
4467,departamento,SACATEPEQUEZ
4468,departamento,SACATEPEQUEZ
4469,departamento,SACATEPEQUEZ
4470,departamento,SACATEPEQUEZ
4471,departamento,SACATEPEQUEZ
4472,departamento,SACATEPEQUEZ
4473,departamento,SACATEPEQUEZ
4474,departamento,SACATEPEQUEZ
4475,departamento,SACATEPEQUEZ
4476,departamento,SACATEPEQUEZ
4477,departamento,SACATEPEQUEZ
4478,departamento,SACATEPEQUEZ
4479,departamento,SACATEPEQUEZ
4480,departamento,SACATEPEQUEZ
4481,departamento,SACATEPEQUEZ
4482,departamento,SACATEPEQUEZ
4483,departamento,SACATEPEQUEZ
4484,departamento,SACATEPEQUEZ
4485,departamento,SACATEPEQUEZ
4486,departamento,SACATEPEQUEZ
4487,departamento,SACATEPEQUEZ
4488,departamento,SACATEPEQUEZ
4489,departamento,SACATEPEQUEZ
4490,departamento,SACATEPEQUEZ
4491,departamento,SACATEPEQUEZ
4492,departamento,SACATEPEQUEZ
4493,departamento,SACATEPEQUEZ
4494,departamento,SACATEPEQUEZ
4495,departamento,SACATEPEQUEZ
4496,departamento,SACATEPEQUEZ
4497,departamento,SACATEPEQUEZ
4498,departamento,SACATEPEQUEZ
4499,departamento,SACATEPEQUEZ
4500,departamento,SACATEPEQUEZ
4501,departamento,SACATEPEQUEZ
4502,departamento,SACATEPEQUEZ
4503,departamento,SACATEPEQUEZ
4504,departamento,SACATEPEQUEZ
4505,departamento,SACATEPEQUEZ
4506,departamento,SACATEPEQUEZ
4507,departamento,SACATEPEQUEZ
4508,departamento,SACATEPEQUEZ
4509,departamento,SACATEPEQUEZ
4510,departamento,SACATEPEQUEZ
4511,departamento,SACATEPEQUEZ
4512,departamento,SACATEPEQUEZ
4513,departamento,SACATEPEQUEZ
4514,departamento,SACATEPEQUEZ
4515,departamento,SACATEPEQUEZ
4516,departamento,SACATEPEQUEZ
4517,departamento,SACATEPEQUEZ
4518,departamento,SACATEPEQUEZ
4519,departamento,SACATEPEQUEZ
4520,departamento,SACATEPEQUEZ
4521,departamento,SACATEPEQUEZ
4522,departamento,SACATEPEQUEZ
4523,departamento,SACATEPEQUEZ
4524,departamento,SACATEPEQUEZ
4525,departamento,SACATEPEQUEZ
4526,departamento,SACATEPEQUEZ
4527,departamento,SACATEPEQUEZ
4528,departamento,SACATEPEQUEZ
4529,departamento,SACATEPEQUEZ
4530,departamento,SACATEPEQUEZ
4531,departamento,SACATEPEQUEZ
4532,departamento,SACATEPEQUEZ
4533,departamento,SACATEPEQUEZ
4534,departamento,SACATEPEQUEZ
4535,departamento,SACATEPEQUEZ
4536,departamento,SACATEPEQUEZ
4537,departamento,SACATEPEQUEZ
4538,departamento,SACATEPEQUEZ
4539,departamento,SACATEPEQUEZ
4540,departamento,SACATEPEQUEZ
4541,departamento,SACATEPEQUEZ
4542,departamento,SACATEPEQUEZ
4543,departamento,SACATEPEQUEZ
4544,departamento,SACATEPEQUEZ
4545,departamento,SACATEPEQUEZ
4546,departamento,SACATEPEQUEZ
4547,departamento,SACATEPEQUEZ
4548,departamento,SACATEPEQUEZ
4549,departamento,SACATEPEQUEZ
4550,departamento,SACATEPEQUEZ
4551,departamento,SACATEPEQUEZ
4552,departamento,SACATEPEQUEZ
4553,departamento,SACATEPEQUEZ
4554,departamento,SACATEPEQUEZ
4555,departamento,SACATEPEQUEZ
4556,departamento,SACATEPEQUEZ
4557,departamento,SACATEPEQUEZ
4558,departamento,SACATEPEQUEZ
4559,departamento,SACATEPEQUEZ
4560,departamento,SACATEPEQUEZ
4561,departamento,SACATEPEQUEZ
4562,departamento,SACATEPEQUEZ
4563,departamento,SACATEPEQUEZ
4564,departamento,SACATEPEQUEZ
4565,departamento,SACATEPEQUEZ
4566,departamento,SACATEPEQUEZ
4567,departamento,SACATEPEQUEZ
4568,departamento,SACATEPEQUEZ
4569,departamento,SACATEPEQUEZ
4570,departamento,SACATEPEQUEZ
4571,departamento,SACATEPEQUEZ
4572,departamento,SACATEPEQUEZ
4573,departamento,SACATEPEQUEZ
4574,departamento,SACATEPEQUEZ
4575,departamento,SACATEPEQUEZ
4576,departamento,SACATEPEQUEZ
4577,departamento,SACATEPEQUEZ
4578,departamento,SACATEPEQUEZ
4579,departamento,SACATEPEQUEZ
4580,departamento,SACATEPEQUEZ
4581,departamento,SACATEPEQUEZ
4582,departamento,SACATEPEQUEZ
4583,departamento,SACATEPEQUEZ
4584,departamento,SACATEPEQUEZ
4585,departamento,SACATEPEQUEZ
4586,departamento,SACATEPEQUEZ
4587,departamento,SACATEPEQUEZ
4588,departamento,SACATEPEQUEZ
4589,departamento,SACATEPEQUEZ
4590,departamento,SACATEPEQUEZ
4591,departamento,SACATEPEQUEZ
4592,departamento,SACATEPEQUEZ
4593,departamento,SACATEPEQUEZ
4594,departamento,SACATEPEQUEZ
4595,departamento,SACATEPEQUEZ
4596,departamento,SACATEPEQUEZ
4597,departamento,SACATEPEQUEZ
4598,departamento,SACATEPEQUEZ
4599,departamento,SACATEPEQUEZ
4600,departamento,SACATEPEQUEZ
4601,departamento,SACATEPEQUEZ
4602,departamento,SACATEPEQUEZ
4603,departamento,SACATEPEQUEZ
4604,departamento,SACATEPEQUEZ
4605,departamento,SACATEPEQUEZ
4606,departamento,SACATEPEQUEZ
4607,departamento,SACATEPEQUEZ
4608,departamento,SACATEPEQUEZ
4609,departamento,SACATEPEQUEZ
4610,departamento,SACATEPEQUEZ
4611,departamento,SACATEPEQUEZ
4612,departamento,SACATEPEQUEZ
4613,departamento,SACATEPEQUEZ
4614,departamento,SACATEPEQUEZ
4615,departamento,SACATEPEQUEZ
4616,departamento,SACATEPEQUEZ
4617,departamento,SACATEPEQUEZ
4618,departamento,SACATEPEQUEZ
4619,departamento,SACATEPEQUEZ
4620,departamento,SACATEPEQUEZ
4621,departamento,SACATEPEQUEZ
4622,departamento,SACATEPEQUEZ
4623,departamento,SACATEPEQUEZ
4624,departamento,SACATEPEQUEZ
4625,departamento,SACATEPEQUEZ
4626,departamento,SACATEPEQUEZ
4627,departamento,SACATEPEQUEZ
4628,departamento,SACATEPEQUEZ
4629,departamento,SACATEPEQUEZ
4630,departamento,SACATEPEQUEZ
4631,departamento,SACATEPEQUEZ
4632,departamento,SACATEPEQUEZ
4633,departamento,SACATEPEQUEZ
4634,departamento,SACATEPEQUEZ
4635,departamento,SACATEPEQUEZ
4636,departamento,SACATEPEQUEZ
4637,departamento,SACATEPEQUEZ
4638,departamento,SACATEPEQUEZ
4639,departamento,SACATEPEQUEZ
4640,departamento,SACATEPEQUEZ
4641,departamento,SACATEPEQUEZ
4642,departamento,SACATEPEQUEZ
4643,departamento,SACATEPEQUEZ
4644,departamento,SACATEPEQUEZ
4645,departamento,SACATEPEQUEZ
4646,departamento,SACATEPEQUEZ
4647,departamento,SACATEPEQUEZ
4648,departamento,SACATEPEQUEZ
4649,departamento,SACATEPEQUEZ
4650,departamento,SACATEPEQUEZ
4651,departamento,SACATEPEQUEZ
4652,departamento,SACATEPEQUEZ
4653,departamento,SACATEPEQUEZ
4654,departamento,SACATEPEQUEZ
4655,departamento,SACATEPEQUEZ
4656,departamento,SACATEPEQUEZ
4657,departamento,SACATEPEQUEZ
6014,departamento,SOLOLA
6015,departamento,SOLOLA
6016,departamento,SOLOLA
6017,departamento,SOLOLA
6018,departamento,SOLOLA
6019,departamento,SOLOLA
6020,departamento,SOLOLA
6021,departamento,SOLOLA
6022,departamento,SOLOLA
6023,departamento,SOLOLA
6024,departamento,SOLOLA
6025,departamento,SOLOLA
6026,departamento,SOLOLA
6027,departamento,SOLOLA
6028,departamento,SOLOLA
6029,departamento,SOLOLA
6030,departamento,SOLOLA
6031,departamento,SOLOLA
6032,departamento,SOLOLA
6033,departamento,SOLOLA
6034,departamento,SOLOLA
6035,departamento,SOLOLA
6036,departamento,SOLOLA
6037,departamento,SOLOLA
6038,departamento,SOLOLA
6039,departamento,SOLOLA
6040,departamento,SOLOLA
6041,departamento,SOLOLA
6042,departamento,SOLOLA
6043,departamento,SOLOLA
6044,departamento,SOLOLA
6045,departamento,SOLOLA
6046,departamento,SOLOLA
6047,departamento,SOLOLA
6048,departamento,SOLOLA
6049,departamento,SOLOLA
6050,departamento,SOLOLA
6051,departamento,SOLOLA
6052,departamento,SOLOLA
6053,departamento,SOLOLA
6054,departamento,SOLOLA
6055,departamento,SOLOLA
6056,departamento,SOLOLA
6057,departamento,SOLOLA
6058,departamento,SOLOLA
6059,departamento,SOLOLA
6060,departamento,SOLOLA
6061,departamento,SOLOLA
6062,departamento,SOLOLA
6063,departamento,SOLOLA
6064,departamento,SOLOLA
6065,departamento,SOLOLA
6066,departamento,SOLOLA
6067,departamento,SOLOLA
6068,departamento,SOLOLA
6069,departamento,SOLOLA
6070,departamento,SOLOLA
6071,departamento,SOLOLA
6072,departamento,SOLOLA
6073,departamento,SOLOLA
6074,departamento,SOLOLA
6075,departamento,SOLOLA
6076,departamento,SOLOLA
6077,departamento,SOLOLA
6078,departamento,SOLOLA
6079,departamento,SOLOLA
6080,departamento,SOLOLA
6081,departamento,SOLOLA
6082,departamento,SOLOLA
6083,departamento,SOLOLA
6084,departamento,SOLOLA
6085,departamento,SOLOLA
6086,departamento,SOLOLA
6087,departamento,SOLOLA
6088,departamento,SOLOLA
6089,departamento,SOLOLA
6090,departamento,SOLOLA
6091,departamento,SOLOLA
6092,departamento,SOLOLA
6093,departamento,SOLOLA
6094,departamento,SOLOLA
6095,departamento,SOLOLA
6096,departamento,SOLOLA
6097,departamento,SOLOLA
6098,departamento,SOLOLA
6099,departamento,SOLOLA
6100,departamento,SOLOLA
6101,departamento,SOLOLA
6102,departamento,SOLOLA
6103,departamento,SOLOLA
6104,departamento,SOLOLA
6105,departamento,SOLOLA
6106,departamento,SOLOLA
6107,departamento,SOLOLA
6108,departamento,SOLOLA
6109,departamento,SOLOLA
6110,departamento,SOLOLA
6111,departamento,SOLOLA
6112,departamento,SOLOLA
6113,departamento,SOLOLA
6114,departamento,SOLOLA
6115,departamento,SOLOLA
6116,departamento,SOLOLA
6117,departamento,SOLOLA
6118,departamento,SOLOLA
6119,departamento,SOLOLA
6120,departamento,SOLOLA
6121,departamento,SOLOLA
6122,departamento,SOLOLA
6123,departamento,SOLOLA
6124,departamento,SOLOLA
6125,departamento,SOLOLA
6126,departamento,SOLOLA
6127,departamento,SOLOLA
6128,departamento,SOLOLA
6129,departamento,SOLOLA
6130,departamento,SOLOLA
6131,departamento,SOLOLA
6132,departamento,SOLOLA
6133,departamento,SOLOLA
6134,departamento,SOLOLA
6135,departamento,SOLOLA
6136,departamento,SOLOLA
6137,departamento,SOLOLA
6138,departamento,SOLOLA
6139,departamento,SOLOLA
6140,departamento,SOLOLA
6141,departamento,SOLOLA
6142,departamento,SOLOLA
6143,departamento,SOLOLA
6144,departamento,SOLOLA
6145,departamento,SOLOLA
6146,departamento,SOLOLA
6147,departamento,SOLOLA
6148,departamento,SOLOLA
6149,departamento,SOLOLA
6150,departamento,SOLOLA
6151,departamento,SOLOLA
6152,departamento,SOLOLA
6153,departamento,SOLOLA
6154,departamento,SOLOLA
6155,departamento,SOLOLA
6156,departamento,SOLOLA
6157,departamento,SOLOLA
6158,departamento,SOLOLA
6159,departamento,SOLOLA
6160,departamento,SOLOLA
6161,departamento,SOLOLA
6162,departamento,SOLOLA
6163,departamento,SOLOLA
6164,departamento,SOLOLA
6165,departamento,SOLOLA
6166,departamento,SOLOLA
6167,departamento,SOLOLA
6168,departamento,SOLOLA
6169,departamento,SOLOLA
6170,departamento,SOLOLA
6171,departamento,SOLOLA
6172,departamento,SOLOLA
6173,departamento,SOLOLA
6174,departamento,SOLOLA
6175,departamento,SOLOLA
6176,departamento,SOLOLA
6177,departamento,SOLOLA
6178,departamento,SOLOLA
6179,departamento,SOLOLA
6180,departamento,SOLOLA
6181,departamento,SOLOLA
6182,departamento,SOLOLA
6183,departamento,SOLOLA
6184,departamento,SOLOLA
6185,departamento,SOLOLA
6186,departamento,SOLOLA
6187,departamento,SOLOLA
6188,departamento,SOLOLA
6189,departamento,SOLOLA
6190,departamento,SOLOLA
6191,departamento,SOLOLA
6192,departamento,SOLOLA
6193,departamento,SOLOLA
6194,departamento,SOLOLA
6195,departamento,SOLOLA
6196,departamento,SOLOLA
6197,departamento,SOLOLA
6198,departamento,SOLOLA
6199,departamento,SOLOLA
6200,departamento,SOLOLA
6201,departamento,SOLOLA
6202,departamento,SOLOLA
6203,departamento,SOLOLA
6204,departamento,SOLOLA
6205,departamento,SOLOLA
6206,departamento,TOTONICAPAN
6207,departamento,TOTONICAPAN
6208,departamento,TOTONICAPAN
6209,departamento,TOTONICAPAN
6210,departamento,TOTONICAPAN
6211,departamento,TOTONICAPAN
6212,departamento,TOTONICAPAN
6213,departamento,TOTONICAPAN
6214,departamento,TOTONICAPAN
6215,departamento,TOTONICAPAN
6216,departamento,TOTONICAPAN
6217,departamento,TOTONICAPAN
6218,departamento,TOTONICAPAN
6219,departamento,TOTONICAPAN
6220,departamento,TOTONICAPAN
6221,departamento,TOTONICAPAN
6222,departamento,TOTONICAPAN
6223,departamento,TOTONICAPAN
6224,departamento,TOTONICAPAN
6225,departamento,TOTONICAPAN
6226,departamento,TOTONICAPAN
6227,departamento,TOTONICAPAN
6228,departamento,TOTONICAPAN
6229,departamento,TOTONICAPAN
6230,departamento,TOTONICAPAN
6231,departamento,TOTONICAPAN
6232,departamento,TOTONICAPAN
6233,departamento,TOTONICAPAN
6234,departamento,TOTONICAPAN
6235,departamento,TOTONICAPAN
6236,departamento,TOTONICAPAN
6237,departamento,TOTONICAPAN
6238,departamento,TOTONICAPAN
6239,departamento,TOTONICAPAN
6240,departamento,TOTONICAPAN
6241,departamento,TOTONICAPAN
6242,departamento,TOTONICAPAN
6243,departamento,TOTONICAPAN
6244,departamento,TOTONICAPAN
6245,departamento,TOTONICAPAN
6246,departamento,TOTONICAPAN
6247,departamento,TOTONICAPAN
6248,departamento,TOTONICAPAN
6249,departamento,TOTONICAPAN
6250,departamento,TOTONICAPAN
6251,departamento,TOTONICAPAN
6252,departamento,TOTONICAPAN
6253,departamento,TOTONICAPAN
6254,departamento,TOTONICAPAN
6255,departamento,TOTONICAPAN
6256,departamento,TOTONICAPAN
6257,departamento,TOTONICAPAN
6258,departamento,TOTONICAPAN
6259,departamento,TOTONICAPAN
6260,departamento,TOTONICAPAN
6261,departamento,TOTONICAPAN
6262,departamento,TOTONICAPAN
6263,departamento,TOTONICAPAN
6264,departamento,TOTONICAPAN
6265,departamento,TOTONICAPAN
6266,departamento,TOTONICAPAN
6267,departamento,TOTONICAPAN
6268,departamento,TOTONICAPAN
6269,departamento,TOTONICAPAN
6270,departamento,TOTONICAPAN
6271,departamento,TOTONICAPAN
6272,departamento,TOTONICAPAN
6273,departamento,TOTONICAPAN
6274,departamento,TOTONICAPAN
6275,departamento,TOTONICAPAN
6276,departamento,TOTONICAPAN
6277,departamento,TOTONICAPAN
6278,departamento,TOTONICAPAN
6279,departamento,TOTONICAPAN
6280,departamento,TOTONICAPAN
6281,departamento,TOTONICAPAN
6282,departamento,TOTONICAPAN
6283,departamento,TOTONICAPAN
6284,departamento,TOTONICAPAN
6285,departamento,TOTONICAPAN
6286,departamento,TOTONICAPAN
6287,departamento,TOTONICAPAN
6288,departamento,TOTONICAPAN
6289,departamento,TOTONICAPAN
6290,departamento,TOTONICAPAN
6291,departamento,TOTONICAPAN
6292,departamento,TOTONICAPAN
6293,departamento,TOTONICAPAN
6294,departamento,TOTONICAPAN
6295,departamento,TOTONICAPAN
6296,departamento,TOTONICAPAN
6297,departamento,TOTONICAPAN
6298,departamento,TOTONICAPAN
6299,departamento,TOTONICAPAN
6300,departamento,TOTONICAPAN
6301,departamento,TOTONICAPAN
6302,departamento,TOTONICAPAN
6303,departamento,TOTONICAPAN
6304,departamento,TOTONICAPAN
6305,departamento,TOTONICAPAN
6306,departamento,TOTONICAPAN
6307,departamento,TOTONICAPAN
6308,departamento,TOTONICAPAN
6309,departamento,TOTONICAPAN
6310,departamento,TOTONICAPAN
6311,departamento,TOTONICAPAN
6312,departamento,TOTONICAPAN
6313,departamento,TOTONICAPAN
6314,departamento,TOTONICAPAN
6315,departamento,TOTONICAPAN
6316,departamento,TOTONICAPAN
6317,departamento,TOTONICAPAN
6318,departamento,TOTONICAPAN
6319,departamento,TOTONICAPAN
6320,departamento,TOTONICAPAN
6321,departamento,TOTONICAPAN
6322,departamento,TOTONICAPAN
6323,departamento,TOTONICAPAN
6324,departamento,TOTONICAPAN
6325,departamento,TOTONICAPAN
6326,departamento,TOTONICAPAN
6327,departamento,TOTONICAPAN
6328,departamento,TOTONICAPAN
6329,departamento,TOTONICAPAN
6330,departamento,TOTONICAPAN
6331,departamento,TOTONICAPAN
6332,departamento,TOTONICAPAN
6333,departamento,TOTONICAPAN
6885,departamento,SUCHITEPEQUEZ
6886,departamento,SUCHITEPEQUEZ
6887,departamento,SUCHITEPEQUEZ
6888,departamento,SUCHITEPEQUEZ
6889,departamento,SUCHITEPEQUEZ
6890,departamento,SUCHITEPEQUEZ
6891,departamento,SUCHITEPEQUEZ
6892,departamento,SUCHITEPEQUEZ
6893,departamento,SUCHITEPEQUEZ
6894,departamento,SUCHITEPEQUEZ
6895,departamento,SUCHITEPEQUEZ
6896,departamento,SUCHITEPEQUEZ
6897,departamento,SUCHITEPEQUEZ
6898,departamento,SUCHITEPEQUEZ
6899,departamento,SUCHITEPEQUEZ
6900,departamento,SUCHITEPEQUEZ
6901,departamento,SUCHITEPEQUEZ
6902,departamento,SUCHITEPEQUEZ
6903,departamento,SUCHITEPEQUEZ
6904,departamento,SUCHITEPEQUEZ
6905,departamento,SUCHITEPEQUEZ
6906,departamento,SUCHITEPEQUEZ
6907,departamento,SUCHITEPEQUEZ
6908,departamento,SUCHITEPEQUEZ
6909,departamento,SUCHITEPEQUEZ
6910,departamento,SUCHITEPEQUEZ
6911,departamento,SUCHITEPEQUEZ
6912,departamento,SUCHITEPEQUEZ
6913,departamento,SUCHITEPEQUEZ
6914,departamento,SUCHITEPEQUEZ
6915,departamento,SUCHITEPEQUEZ
6916,departamento,SUCHITEPEQUEZ
6917,departamento,SUCHITEPEQUEZ
6918,departamento,SUCHITEPEQUEZ
6919,departamento,SUCHITEPEQUEZ
6920,departamento,SUCHITEPEQUEZ
6921,departamento,SUCHITEPEQUEZ
6922,departamento,SUCHITEPEQUEZ
6923,departamento,SUCHITEPEQUEZ
6924,departamento,SUCHITEPEQUEZ
6925,departamento,SUCHITEPEQUEZ
6926,departamento,SUCHITEPEQUEZ
6927,departamento,SUCHITEPEQUEZ
6928,departamento,SUCHITEPEQUEZ
6929,departamento,SUCHITEPEQUEZ
6930,departamento,SUCHITEPEQUEZ
6931,departamento,SUCHITEPEQUEZ
6932,departamento,SUCHITEPEQUEZ
6933,departamento,SUCHITEPEQUEZ
6934,departamento,SUCHITEPEQUEZ
6935,departamento,SUCHITEPEQUEZ
6936,departamento,SUCHITEPEQUEZ
6937,departamento,SUCHITEPEQUEZ
6938,departamento,SUCHITEPEQUEZ
6939,departamento,SUCHITEPEQUEZ
6940,departamento,SUCHITEPEQUEZ
6941,departamento,SUCHITEPEQUEZ
6942,departamento,SUCHITEPEQUEZ
6943,departamento,SUCHITEPEQUEZ
6944,departamento,SUCHITEPEQUEZ
6945,departamento,SUCHITEPEQUEZ
6946,departamento,SUCHITEPEQUEZ
6947,departamento,SUCHITEPEQUEZ
6948,departamento,SUCHITEPEQUEZ
6949,departamento,SUCHITEPEQUEZ
6950,departamento,SUCHITEPEQUEZ
6951,departamento,SUCHITEPEQUEZ
6952,departamento,SUCHITEPEQUEZ
6953,departamento,SUCHITEPEQUEZ
6954,departamento,SUCHITEPEQUEZ
6955,departamento,SUCHITEPEQUEZ
6956,departamento,SUCHITEPEQUEZ
6957,departamento,SUCHITEPEQUEZ
6958,departamento,SUCHITEPEQUEZ
6959,departamento,SUCHITEPEQUEZ
6960,departamento,SUCHITEPEQUEZ
6961,departamento,SUCHITEPEQUEZ
6962,departamento,SUCHITEPEQUEZ
6963,departamento,SUCHITEPEQUEZ
6964,departamento,SUCHITEPEQUEZ
6965,departamento,SUCHITEPEQUEZ
6966,departamento,SUCHITEPEQUEZ
6967,departamento,SUCHITEPEQUEZ
6968,departamento,SUCHITEPEQUEZ
6969,departamento,SUCHITEPEQUEZ
6970,departamento,SUCHITEPEQUEZ
6971,departamento,SUCHITEPEQUEZ
6972,departamento,SUCHITEPEQUEZ
6973,departamento,SUCHITEPEQUEZ
6974,departamento,SUCHITEPEQUEZ
6975,departamento,SUCHITEPEQUEZ
6976,departamento,SUCHITEPEQUEZ
6977,departamento,SUCHITEPEQUEZ
6978,departamento,SUCHITEPEQUEZ
6979,departamento,SUCHITEPEQUEZ
6980,departamento,SUCHITEPEQUEZ
6981,departamento,SUCHITEPEQUEZ
6982,departamento,SUCHITEPEQUEZ
6983,departamento,SUCHITEPEQUEZ
6984,departamento,SUCHITEPEQUEZ
6985,departamento,SUCHITEPEQUEZ
6986,departamento,SUCHITEPEQUEZ
6987,departamento,SUCHITEPEQUEZ
6988,departamento,SUCHITEPEQUEZ
6989,departamento,SUCHITEPEQUEZ
6990,departamento,SUCHITEPEQUEZ
6991,departamento,SUCHITEPEQUEZ
6992,departamento,SUCHITEPEQUEZ
6993,departamento,SUCHITEPEQUEZ
6994,departamento,SUCHITEPEQUEZ
6995,departamento,SUCHITEPEQUEZ
6996,departamento,SUCHITEPEQUEZ
6997,departamento,SUCHITEPEQUEZ
6998,departamento,SUCHITEPEQUEZ
6999,departamento,SUCHITEPEQUEZ
7000,departamento,SUCHITEPEQUEZ
7001,departamento,SUCHITEPEQUEZ
7002,departamento,SUCHITEPEQUEZ
7003,departamento,SUCHITEPEQUEZ
7004,departamento,SUCHITEPEQUEZ
7005,departamento,SUCHITEPEQUEZ
7006,departamento,SUCHITEPEQUEZ
7007,departamento,SUCHITEPEQUEZ
7008,departamento,SUCHITEPEQUEZ
7009,departamento,SUCHITEPEQUEZ
7010,departamento,SUCHITEPEQUEZ
7011,departamento,SUCHITEPEQUEZ
7012,departamento,SUCHITEPEQUEZ
7013,departamento,SUCHITEPEQUEZ
7014,departamento,SUCHITEPEQUEZ
7015,departamento,SUCHITEPEQUEZ
7016,departamento,SUCHITEPEQUEZ
7017,departamento,SUCHITEPEQUEZ
7018,departamento,SUCHITEPEQUEZ
7019,departamento,SUCHITEPEQUEZ
7020,departamento,SUCHITEPEQUEZ
7021,departamento,SUCHITEPEQUEZ
7022,departamento,SUCHITEPEQUEZ
7023,departamento,SUCHITEPEQUEZ
7024,departamento,SUCHITEPEQUEZ
7025,departamento,SUCHITEPEQUEZ
7026,departamento,SUCHITEPEQUEZ
7027,departamento,SUCHITEPEQUEZ
7028,departamento,SUCHITEPEQUEZ
7029,departamento,SUCHITEPEQUEZ
7030,departamento,SUCHITEPEQUEZ
7031,departamento,SUCHITEPEQUEZ
7032,departamento,SUCHITEPEQUEZ
7033,departamento,SUCHITEPEQUEZ
7034,departamento,SUCHITEPEQUEZ
7035,departamento,SUCHITEPEQUEZ
7036,departamento,SUCHITEPEQUEZ
7037,departamento,SUCHITEPEQUEZ
7038,departamento,SUCHITEPEQUEZ
7039,departamento,SUCHITEPEQUEZ
7040,departamento,SUCHITEPEQUEZ
7041,departamento,SUCHITEPEQUEZ
7042,departamento,SUCHITEPEQUEZ
7043,departamento,SUCHITEPEQUEZ
7044,departamento,SUCHITEPEQUEZ
7045,departamento,SUCHITEPEQUEZ
7046,departamento,SUCHITEPEQUEZ
7047,departamento,SUCHITEPEQUEZ
7048,departamento,SUCHITEPEQUEZ
7049,departamento,SUCHITEPEQUEZ
7050,departamento,SUCHITEPEQUEZ
7051,departamento,SUCHITEPEQUEZ
7052,departamento,SUCHITEPEQUEZ
7053,departamento,SUCHITEPEQUEZ
7054,departamento,SUCHITEPEQUEZ
7055,departamento,SUCHITEPEQUEZ
7056,departamento,SUCHITEPEQUEZ
7057,departamento,SUCHITEPEQUEZ
7058,departamento,SUCHITEPEQUEZ
7059,departamento,SUCHITEPEQUEZ
7060,departamento,SUCHITEPEQUEZ
7061,departamento,SUCHITEPEQUEZ
7062,departamento,SUCHITEPEQUEZ
7063,departamento,SUCHITEPEQUEZ
7064,departamento,SUCHITEPEQUEZ
7065,departamento,SUCHITEPEQUEZ
7066,departamento,SUCHITEPEQUEZ
7067,departamento,SUCHITEPEQUEZ
7068,departamento,SUCHITEPEQUEZ
7069,departamento,SUCHITEPEQUEZ
7070,departamento,SUCHITEPEQUEZ
7071,departamento,SUCHITEPEQUEZ
7072,departamento,SUCHITEPEQUEZ
7073,departamento,SUCHITEPEQUEZ
7074,departamento,SUCHITEPEQUEZ
7075,departamento,SUCHITEPEQUEZ
7076,departamento,SUCHITEPEQUEZ
7077,departamento,SUCHITEPEQUEZ
7078,departamento,SUCHITEPEQUEZ
7079,departamento,SUCHITEPEQUEZ
7080,departamento,SUCHITEPEQUEZ
7081,departamento,SUCHITEPEQUEZ
7082,departamento,SUCHITEPEQUEZ
7083,departamento,SUCHITEPEQUEZ
7084,departamento,SUCHITEPEQUEZ
7085,departamento,SUCHITEPEQUEZ
7086,departamento,SUCHITEPEQUEZ
7087,departamento,SUCHITEPEQUEZ
7088,departamento,SUCHITEPEQUEZ
7089,departamento,SUCHITEPEQUEZ
7090,departamento,SUCHITEPEQUEZ
7091,departamento,SUCHITEPEQUEZ
7092,departamento,SUCHITEPEQUEZ
7093,departamento,SUCHITEPEQUEZ
7094,departamento,SUCHITEPEQUEZ
7095,departamento,SUCHITEPEQUEZ
7096,departamento,SUCHITEPEQUEZ
7097,departamento,SUCHITEPEQUEZ
7098,departamento,SUCHITEPEQUEZ
7099,departamento,SUCHITEPEQUEZ
7100,departamento,SUCHITEPEQUEZ
7101,departamento,SUCHITEPEQUEZ
7102,departamento,SUCHITEPEQUEZ
7103,departamento,SUCHITEPEQUEZ
7104,departamento,SUCHITEPEQUEZ
7105,departamento,SUCHITEPEQUEZ
7106,departamento,SUCHITEPEQUEZ
7107,departamento,SUCHITEPEQUEZ
7108,departamento,SUCHITEPEQUEZ
7109,departamento,SUCHITEPEQUEZ
7110,departamento,SUCHITEPEQUEZ
7111,departamento,SUCHITEPEQUEZ
7112,departamento,SUCHITEPEQUEZ
7113,departamento,SUCHITEPEQUEZ
7114,departamento,SUCHITEPEQUEZ
7115,departamento,SUCHITEPEQUEZ
7116,departamento,SUCHITEPEQUEZ
7117,departamento,SUCHITEPEQUEZ
7118,departamento,SUCHITEPEQUEZ
7119,departamento,SUCHITEPEQUEZ
7120,departamento,SUCHITEPEQUEZ
7121,departamento,SUCHITEPEQUEZ
7122,departamento,SUCHITEPEQUEZ
7123,departamento,SUCHITEPEQUEZ
7124,departamento,SUCHITEPEQUEZ
7125,departamento,SUCHITEPEQUEZ
7126,departamento,SUCHITEPEQUEZ
7127,departamento,SUCHITEPEQUEZ
7128,departamento,SUCHITEPEQUEZ
7129,departamento,SUCHITEPEQUEZ
7130,departamento,SUCHITEPEQUEZ
7131,departamento,SUCHITEPEQUEZ
7132,departamento,SUCHITEPEQUEZ
7133,departamento,SUCHITEPEQUEZ
7134,departamento,SUCHITEPEQUEZ
7135,departamento,SUCHITEPEQUEZ
7136,departamento,SUCHITEPEQUEZ
7137,departamento,SUCHITEPEQUEZ
7138,departamento,SUCHITEPEQUEZ
7139,departamento,SUCHITEPEQUEZ
7140,departamento,SUCHITEPEQUEZ
7141,departamento,SUCHITEPEQUEZ
7142,departamento,SUCHITEPEQUEZ
7143,departamento,SUCHITEPEQUEZ
7144,departamento,SUCHITEPEQUEZ
7145,departamento,SUCHITEPEQUEZ
7146,departamento,SUCHITEPEQUEZ
7147,departamento,SUCHITEPEQUEZ
7148,departamento,SUCHITEPEQUEZ
7149,departamento,SUCHITEPEQUEZ
7150,departamento,SUCHITEPEQUEZ
7151,departamento,SUCHITEPEQUEZ
7152,departamento,SUCHITEPEQUEZ
7153,departamento,SUCHITEPEQUEZ
7154,departamento,SUCHITEPEQUEZ
7155,departamento,SUCHITEPEQUEZ
7156,departamento,SUCHITEPEQUEZ
7157,departamento,SUCHITEPEQUEZ
7158,departamento,SUCHITEPEQUEZ
7159,departamento,SUCHITEPEQUEZ
7160,departamento,SUCHITEPEQUEZ
7161,departamento,SUCHITEPEQUEZ
7162,departamento,SUCHITEPEQUEZ
7163,departamento,SUCHITEPEQUEZ
7164,departamento,SUCHITEPEQUEZ
7165,departamento,SUCHITEPEQUEZ
7166,departamento,SUCHITEPEQUEZ
7167,departamento,SUCHITEPEQUEZ
7168,departamento,SUCHITEPEQUEZ
7169,departamento,SUCHITEPEQUEZ
7170,departamento,SUCHITEPEQUEZ
7171,departamento,SUCHITEPEQUEZ
7172,departamento,SUCHITEPEQUEZ
7173,departamento,SUCHITEPEQUEZ
7174,departamento,SUCHITEPEQUEZ
7175,departamento,SUCHITEPEQUEZ
7176,departamento,SUCHITEPEQUEZ
7177,departamento,SUCHITEPEQUEZ
7178,departamento,SUCHITEPEQUEZ
7179,departamento,SUCHITEPEQUEZ
7180,departamento,SUCHITEPEQUEZ
7181,departamento,SUCHITEPEQUEZ
7182,departamento,SUCHITEPEQUEZ
7183,departamento,SUCHITEPEQUEZ
7184,departamento,SUCHITEPEQUEZ
7185,departamento,SUCHITEPEQUEZ
7186,departamento,SUCHITEPEQUEZ
7187,departamento,SUCHITEPEQUEZ
7188,departamento,SUCHITEPEQUEZ
7189,departamento,SUCHITEPEQUEZ
7190,departamento,SUCHITEPEQUEZ
7191,departamento,SUCHITEPEQUEZ
7192,departamento,SUCHITEPEQUEZ
7193,departamento,SUCHITEPEQUEZ
7194,departamento,SUCHITEPEQUEZ
7195,departamento,SUCHITEPEQUEZ
7196,departamento,SUCHITEPEQUEZ
7197,departamento,SUCHITEPEQUEZ
7198,departamento,SUCHITEPEQUEZ
7199,departamento,SUCHITEPEQUEZ
7200,departamento,SUCHITEPEQUEZ
7201,departamento,SUCHITEPEQUEZ
7202,departamento,SUCHITEPEQUEZ
7203,departamento,SUCHITEPEQUEZ
7204,departamento,SUCHITEPEQUEZ
7205,departamento,SUCHITEPEQUEZ
7206,departamento,SUCHITEPEQUEZ
7207,departamento,SUCHITEPEQUEZ
7208,departamento,SUCHITEPEQUEZ
7209,departamento,SUCHITEPEQUEZ
7210,departamento,SUCHITEPEQUEZ
7211,departamento,SUCHITEPEQUEZ
7212,departamento,SUCHITEPEQUEZ
7213,departamento,SUCHITEPEQUEZ
7214,departamento,SUCHITEPEQUEZ
7215,departamento,SUCHITEPEQUEZ
7216,departamento,SUCHITEPEQUEZ
7217,departamento,SUCHITEPEQUEZ
7218,departamento,SUCHITEPEQUEZ
7219,departamento,SUCHITEPEQUEZ
7220,departamento,SUCHITEPEQUEZ
7221,departamento,SUCHITEPEQUEZ
7222,departamento,SUCHITEPEQUEZ
7223,departamento,SUCHITEPEQUEZ
7224,departamento,SUCHITEPEQUEZ
7225,departamento,SUCHITEPEQUEZ
7226,departamento,SUCHITEPEQUEZ
7227,departamento,SUCHITEPEQUEZ
7228,departamento,SUCHITEPEQUEZ
7229,departamento,SUCHITEPEQUEZ
7230,departamento,SUCHITEPEQUEZ
7231,departamento,SUCHITEPEQUEZ
7232,departamento,SUCHITEPEQUEZ
7233,departamento,SUCHITEPEQUEZ
7234,departamento,SUCHITEPEQUEZ
7235,departamento,SUCHITEPEQUEZ
7236,departamento,SUCHITEPEQUEZ
7237,departamento,SUCHITEPEQUEZ
7238,departamento,SUCHITEPEQUEZ
7239,departamento,SUCHITEPEQUEZ
7240,departamento,SUCHITEPEQUEZ
7241,departamento,SUCHITEPEQUEZ
7242,departamento,SUCHITEPEQUEZ
7243,departamento,SUCHITEPEQUEZ
7244,departamento,SUCHITEPEQUEZ
7245,departamento,SUCHITEPEQUEZ
7246,departamento,SUCHITEPEQUEZ
7247,departamento,SUCHITEPEQUEZ
7248,departamento,SUCHITEPEQUEZ
7249,departamento,SUCHITEPEQUEZ
7250,departamento,SUCHITEPEQUEZ
7251,departamento,SUCHITEPEQUEZ
7252,departamento,SUCHITEPEQUEZ
7253,departamento,SUCHITEPEQUEZ
7254,departamento,SUCHITEPEQUEZ
7255,departamento,SUCHITEPEQUEZ
7256,departamento,SUCHITEPEQUEZ
7257,departamento,SUCHITEPEQUEZ
7258,departamento,SUCHITEPEQUEZ
7259,departamento,SUCHITEPEQUEZ
7260,departamento,SUCHITEPEQUEZ
7261,departamento,SUCHITEPEQUEZ
7262,departamento,SUCHITEPEQUEZ
7263,departamento,SUCHITEPEQUEZ
7264,departamento,SUCHITEPEQUEZ
7265,departamento,SUCHITEPEQUEZ
7266,departamento,SUCHITEPEQUEZ
7267,departamento,SUCHITEPEQUEZ
7268,departamento,SUCHITEPEQUEZ
7269,departamento,SUCHITEPEQUEZ
7270,departamento,SUCHITEPEQUEZ
7271,departamento,SUCHITEPEQUEZ
7272,departamento,SUCHITEPEQUEZ
7273,departamento,SUCHITEPEQUEZ
7274,departamento,SUCHITEPEQUEZ
7275,departamento,SUCHITEPEQUEZ
7276,departamento,SUCHITEPEQUEZ
7277,departamento,SUCHITEPEQUEZ
7278,departamento,SUCHITEPEQUEZ
7279,departamento,SUCHITEPEQUEZ
7280,departamento,SUCHITEPEQUEZ
7281,departamento,SUCHITEPEQUEZ
7282,departamento,SUCHITEPEQUEZ
7283,departamento,SUCHITEPEQUEZ
7284,departamento,SUCHITEPEQUEZ
7285,departamento,SUCHITEPEQUEZ
7286,departamento,SUCHITEPEQUEZ
7287,departamento,SUCHITEPEQUEZ
7288,departamento,SUCHITEPEQUEZ
7289,departamento,SUCHITEPEQUEZ
7290,departamento,SUCHITEPEQUEZ
7291,departamento,SUCHITEPEQUEZ
7292,departamento,SUCHITEPEQUEZ
7293,departamento,SUCHITEPEQUEZ
7294,departamento,SUCHITEPEQUEZ
7295,departamento,SUCHITEPEQUEZ
7296,departamento,SUCHITEPEQUEZ
7297,departamento,SUCHITEPEQUEZ
7298,departamento,SUCHITEPEQUEZ
7299,departamento,SUCHITEPEQUEZ
7300,departamento,SUCHITEPEQUEZ
7301,departamento,SUCHITEPEQUEZ
7302,departamento,SUCHITEPEQUEZ
7303,departamento,SUCHITEPEQUEZ
7304,departamento,SUCHITEPEQUEZ
7305,departamento,SUCHITEPEQUEZ
7306,departamento,SUCHITEPEQUEZ
7307,departamento,SUCHITEPEQUEZ
7308,departamento,SUCHITEPEQUEZ
7309,departamento,SUCHITEPEQUEZ
7310,departamento,SUCHITEPEQUEZ
7311,departamento,SUCHITEPEQUEZ
7312,departamento,SUCHITEPEQUEZ
7313,departamento,SUCHITEPEQUEZ
7314,departamento,SUCHITEPEQUEZ
7315,departamento,SUCHITEPEQUEZ
7316,departamento,SUCHITEPEQUEZ
7317,departamento,SUCHITEPEQUEZ
7318,departamento,SUCHITEPEQUEZ
7319,departamento,SUCHITEPEQUEZ
7320,departamento,SUCHITEPEQUEZ
7321,departamento,SUCHITEPEQUEZ
9001,departamento,QUICHE
9002,departamento,QUICHE
9003,departamento,QUICHE
9004,departamento,QUICHE
9005,departamento,QUICHE
9006,departamento,QUICHE
9007,departamento,QUICHE
9008,departamento,QUICHE
9009,departamento,QUICHE
9010,departamento,QUICHE
9011,departamento,QUICHE
9012,departamento,QUICHE
9013,departamento,QUICHE
9014,departamento,QUICHE
9015,departamento,QUICHE
9016,departamento,QUICHE
9017,departamento,QUICHE
9018,departamento,QUICHE
9019,departamento,QUICHE
9020,departamento,QUICHE
9021,departamento,QUICHE
9022,departamento,QUICHE
9023,departamento,QUICHE
9024,departamento,QUICHE
9025,departamento,QUICHE
9026,departamento,QUICHE
9027,departamento,QUICHE
9028,departamento,QUICHE
9029,departamento,QUICHE
9030,departamento,QUICHE
9031,departamento,QUICHE
9032,departamento,QUICHE
9033,departamento,QUICHE
9034,departamento,QUICHE
9035,departamento,QUICHE
9036,departamento,QUICHE
9037,departamento,QUICHE
9038,departamento,QUICHE
9039,departamento,QUICHE
9040,departamento,QUICHE
9041,departamento,QUICHE
9042,departamento,QUICHE
9043,departamento,QUICHE
9044,departamento,QUICHE
9045,departamento,QUICHE
9046,departamento,QUICHE
9047,departamento,QUICHE
9048,departamento,QUICHE
9049,departamento,QUICHE
9050,departamento,QUICHE
9051,departamento,QUICHE
9052,departamento,QUICHE
9053,departamento,QUICHE
9054,departamento,QUICHE
9055,departamento,QUICHE
9056,departamento,QUICHE
9057,departamento,QUICHE
9058,departamento,QUICHE
9059,departamento,QUICHE
9060,departamento,QUICHE
9061,departamento,QUICHE
9062,departamento,QUICHE
9063,departamento,QUICHE
9064,departamento,QUICHE
9065,departamento,QUICHE
9066,departamento,QUICHE
9067,departamento,QUICHE
9068,departamento,QUICHE
9069,departamento,QUICHE
9070,departamento,QUICHE
9071,departamento,QUICHE
9072,departamento,QUICHE
9073,departamento,QUICHE
9074,departamento,QUICHE
9075,departamento,QUICHE
9076,departamento,QUICHE
9077,departamento,QUICHE
9078,departamento,QUICHE
9079,departamento,QUICHE
9080,departamento,QUICHE
9081,departamento,QUICHE
9082,departamento,QUICHE
9083,departamento,QUICHE
9084,departamento,QUICHE
9085,departamento,QUICHE
9086,departamento,QUICHE
9087,departamento,QUICHE
9088,departamento,QUICHE
9089,departamento,QUICHE
9090,departamento,QUICHE
9091,departamento,QUICHE
9092,departamento,QUICHE
9093,departamento,QUICHE
9094,departamento,QUICHE
9095,departamento,QUICHE
9096,departamento,QUICHE
9097,departamento,QUICHE
9098,departamento,QUICHE
9099,departamento,QUICHE
9100,departamento,QUICHE
9101,departamento,QUICHE
9102,departamento,QUICHE
9103,departamento,QUICHE
9104,departamento,QUICHE
9105,departamento,QUICHE
9106,departamento,QUICHE
9107,departamento,QUICHE
9108,departamento,QUICHE
9109,departamento,QUICHE
9110,departamento,QUICHE
9111,departamento,QUICHE
9112,departamento,QUICHE
9113,departamento,QUICHE
9114,departamento,QUICHE
9115,departamento,QUICHE
9116,departamento,QUICHE
9117,departamento,QUICHE
9118,departamento,QUICHE
9119,departamento,QUICHE
9120,departamento,QUICHE
9121,departamento,QUICHE
9122,departamento,QUICHE
9123,departamento,QUICHE
9124,departamento,QUICHE
9125,departamento,QUICHE
9126,departamento,QUICHE
9127,departamento,QUICHE
9128,departamento,QUICHE
9129,departamento,QUICHE
9130,departamento,QUICHE
9131,departamento,QUICHE
9132,departamento,QUICHE
9133,departamento,QUICHE
9134,departamento,QUICHE
9135,departamento,QUICHE
9136,departamento,QUICHE
9137,departamento,QUICHE
9138,departamento,QUICHE
9139,departamento,QUICHE
9140,departamento,QUICHE
9141,departamento,QUICHE
9142,departamento,QUICHE
9143,departamento,QUICHE
9144,departamento,QUICHE
9145,departamento,QUICHE
9146,departamento,QUICHE
9147,departamento,QUICHE
9148,departamento,QUICHE
9149,departamento,QUICHE
9150,departamento,QUICHE
9151,departamento,QUICHE
9152,departamento,QUICHE
9153,departamento,QUICHE
9154,departamento,QUICHE
9155,departamento,QUICHE
9156,departamento,QUICHE
9157,departamento,QUICHE
9158,departamento,QUICHE
9159,departamento,QUICHE
9160,departamento,QUICHE
9161,departamento,QUICHE
9162,departamento,QUICHE
9163,departamento,QUICHE
9164,departamento,QUICHE
9165,departamento,QUICHE
9166,departamento,QUICHE
9167,departamento,QUICHE
9168,departamento,QUICHE
9169,departamento,QUICHE
9170,departamento,QUICHE
9171,departamento,QUICHE
9172,departamento,QUICHE
9173,departamento,QUICHE
9174,departamento,QUICHE
9175,departamento,QUICHE
9176,departamento,QUICHE
9177,departamento,QUICHE
9178,departamento,QUICHE
9179,departamento,QUICHE
9180,departamento,QUICHE
9181,departamento,QUICHE
9182,departamento,QUICHE
9183,departamento,QUICHE
9184,departamento,QUICHE
9185,departamento,QUICHE
9186,departamento,QUICHE
9187,departamento,QUICHE
9188,departamento,QUICHE
9189,departamento,QUICHE
9190,departamento,QUICHE
9191,departamento,QUICHE
9192,departamento,QUICHE
9193,departamento,QUICHE
9194,departamento,QUICHE
9195,departamento,QUICHE
9196,departamento,QUICHE
9197,departamento,QUICHE
9198,departamento,QUICHE
9199,departamento,QUICHE
9200,departamento,QUICHE
9201,departamento,QUICHE
9202,departamento,QUICHE
9203,departamento,QUICHE
9204,departamento,QUICHE
9205,departamento,QUICHE
9206,departamento,QUICHE
9207,departamento,QUICHE
9208,departamento,QUICHE
9209,departamento,QUICHE
9210,departamento,QUICHE
9211,departamento,QUICHE
9212,departamento,QUICHE
9213,departamento,QUICHE
9214,departamento,QUICHE
9215,departamento,QUICHE
9216,departamento,QUICHE
9217,departamento,QUICHE
9218,departamento,QUICHE
9219,departamento,QUICHE
9220,departamento,QUICHE
9221,departamento,QUICHE
9222,departamento,QUICHE
9223,departamento,QUICHE
9224,departamento,QUICHE
9225,departamento,QUICHE
9226,departamento,QUICHE
9227,departamento,QUICHE
9228,departamento,QUICHE
9229,departamento,QUICHE
9230,departamento,QUICHE
9231,departamento,QUICHE
9232,departamento,QUICHE
9233,departamento,QUICHE
9234,departamento,QUICHE
9235,departamento,QUICHE
9236,departamento,QUICHE
9237,departamento,QUICHE
9238,departamento,QUICHE
9239,departamento,QUICHE
9240,departamento,QUICHE
9241,departamento,QUICHE
9242,departamento,QUICHE
9243,departamento,QUICHE
9244,departamento,QUICHE
9245,departamento,QUICHE
9246,departamento,QUICHE
9247,departamento,QUICHE
9248,departamento,QUICHE
9249,departamento,QUICHE
9250,departamento,QUICHE
9251,departamento,QUICHE
9252,departamento,QUICHE
9253,departamento,QUICHE
9254,departamento,QUICHE
9255,departamento,QUICHE
9256,departamento,QUICHE
9257,departamento,QUICHE
9258,departamento,QUICHE
9259,departamento,QUICHE
9260,departamento,QUICHE
9261,departamento,QUICHE
9262,departamento,QUICHE
9263,departamento,QUICHE
9264,departamento,QUICHE
9265,departamento,QUICHE
9266,departamento,QUICHE
9267,departamento,QUICHE
9268,departamento,QUICHE
9269,departamento,QUICHE
9270,departamento,QUICHE
9271,departamento,QUICHE
9272,departamento,QUICHE
9273,departamento,QUICHE
9274,departamento,QUICHE
9275,departamento,QUICHE
9276,departamento,QUICHE
9277,departamento,QUICHE
9278,departamento,QUICHE
9279,departamento,QUICHE
9280,departamento,QUICHE
9281,departamento,QUICHE
9282,departamento,QUICHE
9283,departamento,QUICHE
9284,departamento,QUICHE
9285,departamento,QUICHE
9286,departamento,QUICHE
9287,departamento,QUICHE
9288,departamento,QUICHE
9289,departamento,QUICHE
9290,departamento,QUICHE
9291,departamento,QUICHE
9292,departamento,QUICHE
9293,departamento,QUICHE
9294,departamento,QUICHE
9295,departamento,QUICHE
9296,departamento,QUICHE
9297,departamento,QUICHE
9298,departamento,QUICHE
9299,departamento,QUICHE
9300,departamento,QUICHE
9301,departamento,QUICHE
9302,departamento,QUICHE
9303,departamento,QUICHE
9304,departamento,QUICHE
9305,departamento,QUICHE
9306,departamento,QUICHE
9307,departamento,QUICHE
9308,departamento,QUICHE
9309,departamento,QUICHE
9310,departamento,QUICHE
9311,departamento,QUICHE
9312,departamento,QUICHE
9313,departamento,QUICHE
9314,departamento,QUICHE
9315,departamento,QUICHE
9316,departamento,QUICHE
9317,departamento,QUICHE
9318,departamento,QUICHE
9319,departamento,QUICHE
9320,departamento,QUICHE
9321,departamento,QUICHE
9322,departamento,QUICHE
9969,departamento,PETEN
9970,departamento,PETEN
9971,departamento,PETEN
9972,departamento,PETEN
9973,departamento,PETEN
9974,departamento,PETEN
9975,departamento,PETEN
9976,departamento,PETEN
9977,departamento,PETEN
9978,departamento,PETEN
9979,departamento,PETEN
9980,departamento,PETEN
9981,departamento,PETEN
9982,departamento,PETEN
9983,departamento,PETEN
9984,departamento,PETEN
9985,departamento,PETEN
9986,departamento,PETEN
9987,departamento,PETEN
9988,departamento,PETEN
9989,departamento,PETEN
9990,departamento,PETEN
9991,departamento,PETEN
9992,departamento,PETEN
9993,departamento,PETEN
9994,departamento,PETEN
9995,departamento,PETEN
9996,departamento,PETEN
9997,departamento,PETEN
9998,departamento,PETEN
9999,departamento,PETEN
10000,departamento,PETEN
10001,departamento,PETEN
10002,departamento,PETEN
10003,departamento,PETEN
10004,departamento,PETEN
10005,departamento,PETEN
10006,departamento,PETEN
10007,departamento,PETEN
10008,departamento,PETEN
10009,departamento,PETEN
10010,departamento,PETEN
10011,departamento,PETEN
10012,departamento,PETEN
10013,departamento,PETEN
10014,departamento,PETEN
10015,departamento,PETEN
10016,departamento,PETEN
10017,departamento,PETEN
10018,departamento,PETEN
10019,departamento,PETEN
10020,departamento,PETEN
10021,departamento,PETEN
10022,departamento,PETEN
10023,departamento,PETEN
10024,departamento,PETEN
10025,departamento,PETEN
10026,departamento,PETEN
10027,departamento,PETEN
10028,departamento,PETEN
10029,departamento,PETEN
10030,departamento,PETEN
10031,departamento,PETEN
10032,departamento,PETEN
10033,departamento,PETEN
10034,departamento,PETEN
10035,departamento,PETEN
10036,departamento,PETEN
10037,departamento,PETEN
10038,departamento,PETEN
10039,departamento,PETEN
10040,departamento,PETEN
10041,departamento,PETEN
10042,departamento,PETEN
10043,departamento,PETEN
10044,departamento,PETEN
10045,departamento,PETEN
10046,departamento,PETEN
10047,departamento,PETEN
10048,departamento,PETEN
10049,departamento,PETEN
10050,departamento,PETEN
10051,departamento,PETEN
10052,departamento,PETEN
10053,departamento,PETEN
10054,departamento,PETEN
10055,departamento,PETEN
10056,departamento,PETEN
10057,departamento,PETEN
10058,departamento,PETEN
10059,departamento,PETEN
10060,departamento,PETEN
10061,departamento,PETEN
10062,departamento,PETEN
10063,departamento,PETEN
10064,departamento,PETEN
10065,departamento,PETEN
10066,departamento,PETEN
10067,departamento,PETEN
10068,departamento,PETEN
10069,departamento,PETEN
10070,departamento,PETEN
10071,departamento,PETEN
10072,departamento,PETEN
10073,departamento,PETEN
10074,departamento,PETEN
10075,departamento,PETEN
10076,departamento,PETEN
10077,departamento,PETEN
10078,departamento,PETEN
10079,departamento,PETEN
10080,departamento,PETEN
10081,departamento,PETEN
10082,departamento,PETEN
10083,departamento,PETEN
10084,departamento,PETEN
10085,departamento,PETEN
10086,departamento,PETEN
10087,departamento,PETEN
10088,departamento,PETEN
10089,departamento,PETEN
10090,departamento,PETEN
10091,departamento,PETEN
10092,departamento,PETEN
10093,departamento,PETEN
10094,departamento,PETEN
10095,departamento,PETEN
10096,departamento,PETEN
10097,departamento,PETEN
10098,departamento,PETEN
10099,departamento,PETEN
10100,departamento,PETEN
10101,departamento,PETEN
10102,departamento,PETEN
10103,departamento,PETEN
10104,departamento,PETEN
10105,departamento,PETEN
10106,departamento,PETEN
10107,departamento,PETEN
10108,departamento,PETEN
10109,departamento,PETEN
10110,departamento,PETEN
10111,departamento,PETEN
10112,departamento,PETEN
10113,departamento,PETEN
10114,departamento,PETEN
10115,departamento,PETEN
10116,departamento,PETEN
10117,departamento,PETEN
10118,departamento,PETEN
10119,departamento,PETEN
10120,departamento,PETEN
10121,departamento,PETEN
10122,departamento,PETEN
10123,departamento,PETEN
10124,departamento,PETEN
10125,departamento,PETEN
10126,departamento,PETEN
10127,departamento,PETEN
10128,departamento,PETEN
10129,departamento,PETEN
10130,departamento,PETEN
10131,departamento,PETEN
10132,departamento,PETEN
10133,departamento,PETEN
10134,departamento,PETEN
10135,departamento,PETEN
10136,departamento,PETEN
10137,departamento,PETEN
10138,departamento,PETEN
10139,departamento,PETEN
10140,departamento,PETEN
10141,departamento,PETEN
10142,departamento,PETEN
10143,departamento,PETEN
10144,departamento,PETEN
10145,departamento,PETEN
10146,departamento,PETEN
10147,departamento,PETEN
10148,departamento,PETEN
10149,departamento,PETEN
10150,departamento,PETEN
10151,departamento,PETEN
10152,departamento,PETEN
10153,departamento,PETEN
10154,departamento,PETEN
10155,departamento,PETEN
10156,departamento,PETEN
10157,departamento,PETEN
10158,departamento,PETEN
10159,departamento,PETEN
10160,departamento,PETEN
10161,departamento,PETEN
10162,departamento,PETEN
10163,departamento,PETEN
10164,departamento,PETEN
10165,departamento,PETEN
10166,departamento,PETEN
10167,departamento,PETEN
10168,departamento,PETEN
10169,departamento,PETEN
10170,departamento,PETEN
10171,departamento,PETEN
10172,departamento,PETEN
10173,departamento,PETEN
10174,departamento,PETEN
10175,departamento,PETEN
10176,departamento,PETEN
10177,departamento,PETEN
10178,departamento,PETEN
10179,departamento,PETEN
10180,departamento,PETEN
10181,departamento,PETEN
10182,departamento,PETEN
10183,departamento,PETEN
10184,departamento,PETEN
10185,departamento,PETEN
10186,departamento,PETEN
10187,departamento,PETEN
10188,departamento,PETEN
10189,departamento,PETEN
10190,departamento,PETEN
10191,departamento,PETEN
10192,departamento,PETEN
10193,departamento,PETEN
10194,departamento,PETEN
10195,departamento,PETEN
10196,departamento,PETEN
10197,departamento,PETEN
10198,departamento,PETEN
10199,departamento,PETEN
10200,departamento,PETEN
10201,departamento,PETEN
10202,departamento,PETEN
10203,departamento,PETEN
10204,departamento,PETEN
10205,departamento,PETEN
10206,departamento,PETEN
10207,departamento,PETEN
10208,departamento,PETEN
10209,departamento,PETEN
10210,departamento,PETEN
10211,departamento,PETEN
10212,departamento,PETEN
10213,departamento,PETEN
10214,departamento,PETEN
10215,departamento,PETEN
10216,departamento,PETEN
10217,departamento,PETEN
10218,departamento,PETEN
10219,departamento,PETEN
10220,departamento,PETEN
10221,departamento,PETEN
10222,departamento,PETEN
10223,departamento,PETEN
10224,departamento,PETEN
10225,departamento,PETEN
10226,departamento,PETEN
10227,departamento,PETEN
10228,departamento,PETEN
10229,departamento,PETEN
10230,departamento,PETEN
10231,departamento,PETEN
10232,departamento,PETEN
10233,departamento,PETEN
10234,departamento,PETEN
10235,departamento,PETEN
10236,departamento,PETEN
10237,departamento,PETEN
10238,departamento,PETEN
10239,departamento,PETEN
10240,departamento,PETEN
10241,departamento,PETEN
10242,departamento,PETEN
10243,departamento,PETEN
10244,departamento,PETEN
10245,departamento,PETEN
10246,departamento,PETEN
10247,departamento,PETEN
10248,departamento,PETEN
10249,departamento,PETEN
10250,departamento,PETEN
10251,departamento,PETEN
10252,departamento,PETEN
10253,departamento,PETEN
10254,departamento,PETEN
10255,departamento,PETEN
10256,departamento,PETEN
10257,departamento,PETEN
10258,departamento,PETEN
10259,departamento,PETEN
10260,departamento,PETEN
10261,departamento,PETEN
10262,departamento,PETEN
10263,departamento,PETEN
10264,departamento,PETEN
10265,departamento,PETEN
10266,departamento,PETEN
10267,departamento,PETEN
10268,departamento,PETEN
10269,departamento,PETEN
10270,departamento,PETEN
10271,departamento,PETEN
10272,departamento,PETEN
10273,departamento,PETEN
10274,departamento,PETEN
10275,departamento,PETEN
10276,departamento,PETEN
10277,departamento,PETEN
10278,departamento,PETEN
10279,departamento,PETEN
10280,departamento,PETEN
10281,departamento,PETEN
10282,departamento,PETEN
10283,departamento,PETEN
10284,departamento,PETEN
10285,departamento,PETEN
10286,departamento,PETEN
10287,departamento,PETEN
10288,departamento,PETEN
10289,departamento,PETEN
10290,departamento,PETEN
10291,departamento,PETEN
10292,departamento,PETEN
10293,departamento,PETEN
10294,departamento,PETEN
10295,departamento,PETEN
10296,departamento,PETEN
10297,departamento,PETEN
10298,departamento,PETEN
10299,departamento,PETEN
10300,departamento,PETEN
10301,departamento,PETEN
10302,departamento,PETEN
10303,departamento,PETEN
10304,departamento,PETEN
10305,departamento,PETEN
10306,departamento,PETEN
10307,departamento,PETEN
10308,departamento,PETEN
10309,departamento,PETEN
10310,departamento,PETEN
10311,departamento,PETEN
10312,departamento,PETEN
10313,departamento,PETEN
10314,departamento,PETEN
10315,departamento,PETEN
10316,departamento,PETEN
10317,departamento,PETEN
10318,departamento,PETEN
10319,departamento,PETEN
10320,departamento,PETEN
10321,departamento,PETEN
10322,departamento,PETEN
10323,departamento,PETEN
10324,departamento,PETEN
10325,departamento,PETEN
10326,departamento,PETEN
10327,departamento,PETEN
10328,departamento,PETEN
10329,departamento,PETEN
10330,departamento,PETEN
10331,departamento,PETEN
10332,departamento,PETEN
10333,departamento,PETEN
10334,departamento,PETEN
10335,departamento,PETEN
10336,departamento,PETEN
10337,departamento,PETEN
10338,departamento,PETEN
10339,departamento,PETEN
10340,departamento,PETEN
10341,departamento,PETEN
10342,departamento,PETEN
10343,departamento,PETEN
10344,departamento,PETEN
10345,departamento,PETEN
10346,departamento,PETEN
10347,departamento,PETEN
10348,departamento,PETEN
10349,departamento,PETEN
10350,departamento,PETEN
10351,departamento,PETEN
10352,departamento,PETEN
10353,departamento,PETEN
10354,departamento,PETEN
10355,departamento,PETEN
10356,departamento,PETEN
10357,departamento,PETEN
10358,departamento,PETEN
10359,departamento,PETEN
10360,departamento,PETEN
10361,departamento,PETEN
10362,departamento,PETEN
10363,departamento,PETEN
10364,departamento,PETEN
10365,departamento,PETEN
10366,departamento,PETEN
10367,departamento,PETEN
10368,departamento,PETEN
10369,departamento,PETEN
10370,departamento,PETEN
10371,departamento,PETEN
10372,departamento,PETEN
10373,departamento,PETEN
10374,departamento,PETEN
10375,departamento,PETEN
10376,departamento,PETEN
10377,departamento,PETEN
10378,departamento,PETEN
10379,departamento,PETEN
10380,departamento,PETEN
10381,departamento,PETEN
10382,departamento,PETEN
10383,departamento,PETEN
10384,departamento,PETEN
10385,departamento,PETEN
10386,departamento,PETEN
10387,departamento,PETEN
10388,departamento,PETEN
10389,departamento,PETEN
10390,departamento,PETEN
10391,departamento,PETEN
10392,departamento,PETEN
10393,departamento,PETEN
10394,departamento,PETEN
10395,departamento,PETEN
10396,departamento,PETEN
10397,departamento,PETEN
10398,departamento,PETEN
10399,departamento,PETEN
10400,departamento,PETEN
10401,departamento,PETEN
10402,departamento,PETEN
10403,departamento,PETEN
10404,departamento,PETEN
10405,departamento,PETEN
10406,departamento,PETEN
10407,departamento,PETEN
10408,departamento,PETEN
10409,departamento,PETEN
10410,departamento,PETEN
10411,departamento,PETEN
10412,departamento,PETEN
10413,departamento,PETEN
10414,departamento,PETEN
10415,departamento,PETEN
10416,departamento,PETEN
10417,departamento,PETEN
10418,departamento,PETEN
10419,departamento,PETEN
10420,departamento,PETEN
10421,departamento,PETEN
10422,departamento,PETEN
10423,departamento,PETEN
10424,departamento,PETEN
10425,departamento,PETEN
10426,departamento,PETEN
10427,departamento,PETEN
10428,departamento,PETEN
10429,departamento,PETEN
10430,departamento,PETEN
10431,departamento,PETEN
10432,departamento,PETEN
10433,departamento,PETEN
10434,departamento,PETEN
10435,departamento,PETEN
10436,departamento,PETEN
10437,departamento,PETEN
10438,departamento,PETEN
10439,departamento,PETEN
10440,departamento,PETEN
10441,departamento,PETEN
10442,departamento,PETEN
10443,departamento,PETEN
10444,departamento,PETEN
10445,departamento,PETEN
10446,departamento,PETEN
10447,departamento,PETEN
10448,departamento,PETEN
10449,departamento,PETEN
10450,departamento,PETEN
10451,departamento,PETEN
10452,departamento,PETEN
10453,departamento,PETEN
10454,departamento,PETEN
10455,departamento,PETEN
10456,departamento,PETEN
10457,departamento,PETEN
10458,departamento,PETEN
10459,departamento,PETEN
10460,departamento,PETEN
10461,departamento,PETEN
10462,departamento,PETEN
10463,departamento,PETEN
10464,departamento,PETEN
10465,departamento,PETEN
10466,departamento,PETEN
10467,departamento,PETEN
10468,departamento,PETEN
10469,departamento,PETEN
10470,departamento,PETEN
10471,departamento,PETEN
10472,departamento,PETEN
10473,departamento,PETEN
10474,departamento,PETEN
10475,departamento,PETEN
10476,departamento,PETEN
10477,departamento,PETEN
10478,departamento,PETEN
10479,departamento,PETEN
10480,departamento,PETEN
10481,departamento,PETEN
10482,departamento,PETEN
10483,departamento,PETEN
10484,departamento,PETEN
294,telefono,230835
453,telefono,"25763,26725 Y 21568"
499,telefono,"25763, 26725 Y 21568"
533,telefono,"26725,25763 Y 21568"
711,telefono,232-1011 y 251-6422
917,telefono,22067
1125,telefono,22067
1340,telefono,736617 Y 714495
1375,telefono,5974265 FAX 5974263
1395,telefono,439990 ESTX. 225-250
1527,telefono,23335736 AL 40
1806,telefono,"331-2247,332-4301 FAX 331-2247"
2789,telefono,225052
2791,telefono,22505
3988,telefono,40
4162,telefono,3033
4642,telefono,43521
4681,telefono,783928
6985,telefono,515916
7181,telefono,787203
8381,telefono,574479
10060,telefono,586577
10061,telefono,586577
